week,promo,hierarchy,history,store_meta,calendar,holiday,oil,transactions,horizon,_base,forecast
2017-08-20,3798948.1714752857,-2921971.898491079,-781332.7258146856,-280996.1045917796,-305183.5332384473,-55899.98850020307,33236.331018404504,-14604.370572032032,-20155.984033305158,6361925.535856045,5813965.433108203
2017-08-27,3649751.19666552,-2889561.5191057455,-729694.7017246113,-268132.83004109486,-506883.105749877,-62187.27518527232,35457.78247241055,-4959.826775082131,-19000.532014478937,6361925.535856045,5566714.724397813
2017-09-03,4024234.3029863266,-2915734.3356075464,-940813.356282684,-244675.15225423969,139294.31197118567,-55457.003412613296,30422.136608168257,-17354.439941016386,-19195.412841396406,6361925.535856045,6362646.58708223
2017-09-10,4023486.1981231784,-2991181.2387407855,-989466.926626937,-271565.0360787902,166931.07767041054,-62595.173279335584,34247.4919994758,-4820.678374890711,-19787.530231750603,6361925.535856045,6247173.72031662
2017-09-17,4023774.294720932,-3006754.4776613796,-1027085.5130010569,-267841.33324660594,-152313.53944243898,-62959.14789874477,34600.262062545655,-15596.847813488857,-18481.86157844622,6361925.535856045,5869267.371997361
2017-09-24,4023477.159487423,-2974135.7365675266,-1022631.646494913,-258845.72240515257,-290537.65023942787,-71310.64957391973,35879.378811610055,-5081.453922033973,-18270.280383522142,6361925.535856045,5780468.934568582
2017-10-01,4020052.6142312135,-2942301.4538904284,-1189069.9352923334,-255755.55291525886,45656.07832413444,-61530.509055315626,33561.347639636566,-13220.34095241584,-4198.340542533099,6361925.535856045,5995119.443402744
2017-10-08,3961310.2259937758,-2928014.455004305,-1013285.1743390274,-172185.41516375696,470387.50979286426,-61982.42095705821,31397.873958535627,-4427.6852874390925,-568.8683026647363,6361925.535856045,6644557.126546969
2017-10-15,3996517.1140671344,-3054492.3921485725,-1058011.1363601754,-269241.30074987,89324.37384338383,27249.857271515833,35633.101486345746,-15855.390672616595,12664.728410560025,6361925.535856045,6125714.49100375
2017-10-22,4011997.3866274017,-3048014.4312195433,-1057555.8894147296,-255770.96027292722,-105650.71966291394,-72624.46580327598,35938.47096322737,-7119.762297004411,39675.85764001953,6361925.535856045,5902801.022416299
2017-10-29,4001201.403298865,-3016489.805532066,-1072878.1765071629,-253046.19579166776,-430261.2130523033,-68762.69855546707,21247.790609212378,-6026.8222131339335,36772.72822051035,6361925.535856045,5573682.5463328315
2017-11-05,3949848.981867261,-3005372.3659199425,-998657.2057661372,-159929.639825903,205749.7593799484,161038.93844498234,23299.681435154096,-21601.311837328587,46848.98374445266,6361925.535856045,6563151.357378532
2017-11-12,4034443.1860068343,-3082963.211705312,-947902.3492771934,-223901.93119029733,-134630.33606068403,-60756.92029420886,42986.40793365016,-5685.882411409887,49309.48107555255,6361925.535856045,6032823.979932976
