family,promo,hierarchy,history,store_meta,calendar,holiday,oil,transactions,horizon
AUTOMOTIVE,-12.194560483757101,-711.9425379189599,299.4595406083073,-899.6475240337043,354.2052929619206,-124.00884078607594,-88.15587967067445,52.79310418739048,35.39300552189073
BABY CARE,-164.46983829762334,134.7761808230064,41.43258771371201,-386.56979252469654,31.24985619727857,-6.268249443760573,-10.355888817906488,1.0909345664721528,1.0202576678116835
BEAUTY,2072.453433405724,-555.0356468733037,189.82198830574174,-216.62003157628018,1032.9905838371146,-100.74527612108376,-55.784828823726535,48.66684015863301,25.71329519885019
BEVERAGES,12764668.000077706,-9534933.528545786,-3298773.700640214,-460327.2636984755,-54549.76009105613,-97614.0525977383,117258.32851844015,-36718.64057655981,15780.187085542964
BOOKS,-73.40170803508447,119.65575807225056,103.50028850906706,-113.20704505199467,11.177922404287134,-1.1832698272335962,-4.608383195796448,2.2148183289115355,0.14005168223948092
BREAD/BAKERY,1279069.2502159986,-959857.0712158077,-346261.0884468109,-108399.63170729038,-6239.8902801290105,-13654.610975150423,8915.367957431246,-1094.6350132713344,475.49420056556056
CELEBRATION,-945.7695148787702,-4522.159877345909,985.4995568838293,1006.6254406043333,546.6834152100967,-306.2975439370164,-73.76395013509394,95.50175745201169,43.0367892990762
CLEANING,4664685.055048403,-3447258.3592222547,-1302968.2257329721,-388243.0902332316,-88116.04475677469,-40548.69532106293,39641.84069093809,3805.717905917572,4876.800141831078
DAIRY,2967498.415228825,-2200422.8090050276,-870772.3060143758,-152226.44182080333,-32493.758693693908,-23537.636640743196,13711.360616540303,-715.5212782811876,4018.130392790391
DELI,1070991.4600579448,-731842.853483975,-338427.5886956976,-106925.51169087867,-4567.517363050068,-7110.84191237841,7009.585183032893,118.91574419819375,836.5747961259316
EGGS,134142.08841672988,-198390.36064678535,7118.315525850803,-1260.5236789824933,5433.290032476953,-4448.4237697852195,2506.3179142451268,708.2221933957859,478.47512010592027
FROZEN FOODS,5507.088305800172,-91913.26104692493,46898.67608812242,64873.81504489254,-68807.47869910188,-9534.070251874482,1080.1603541988623,-694.8075183330106,643.8313391067859
GROCERY I,17305750.36437843,-13037410.392240861,-3697786.6143310172,-1297740.8347858125,-400892.4172486603,-200943.04783292869,144186.51228888604,-69405.47655018274,21956.661084027426
GROCERY II,12342.15295487604,-12342.283591878875,-4975.653394566481,5821.0610351180785,-3346.2769020145893,-1258.5288356674896,610.5493144523822,200.2614062803606,93.9665863779078
HARDWARE,-572.5855677583774,942.4167855395555,28.030252848614083,-1330.0245487606298,165.70192694764992,-34.8410975855227,2.2498882398825986,17.815930342216838,6.438610441968014
HOME AND KITCHEN I,21489.607225981366,-20152.56711763315,-8640.086566164904,1383.6395208498882,1308.1603572414397,-881.5847127036186,14.927446103334887,339.2955823273224,163.238673974838
HOME AND KITCHEN II,3834.810843069681,-22736.80679916683,-10960.433561189058,17450.453392480144,3306.1844048262005,-636.490221095774,-768.1140523262314,387.32297026054175,56.54364664881183
HOME APPLIANCES,-33.37615597535603,271.76241358168477,-319.5405073543434,-1012.346039079099,85.21508109791935,-17.137986896798804,-16.293274608142283,3.1977454116865927,2.331634928819049
HOME CARE,824447.386259105,-615688.6324506091,-230788.8087714107,-70546.91236503315,-14569.48885948204,-9086.580348473834,5502.940017632179,281.90520137769414,1150.9214335589375
LADIESWEAR,2802.860525949528,-3802.6627990175234,-1529.4311622187136,-1003.5800582287325,561.4943615059254,-210.0334866916571,52.91941249946192,27.117636672736925,23.88323278635468
LAWN AND GARDEN,4001.4563524751047,-4021.084078930482,-6741.917775775434,8876.434794853609,-1615.736717288375,-1061.2544218117466,209.656111835946,44.48117223875306,56.26552256241837
LINGERIE,3835.8262088055367,-379.5079941443082,-808.8811830759923,-1791.700855460717,620.1552574696075,-149.74619502368122,-31.29948294133093,41.88178706444752,12.720702136975516
"LIQUOR,WINE,BEER",75605.25772820102,-86918.8519612896,-3774.5579649733554,1997.3791284219838,-14583.943981719021,-4635.597000359569,840.1974335457938,122.25014349252609,196.4208655586457
MAGAZINES,-972.2966479848144,-1506.115872626755,562.9788590793622,1522.6997975625309,809.5480658728405,-154.33555171218072,-17.095236837231955,67.60236175195631,26.78340789369397
MEATS,412382.6262125412,-509478.81296992966,-70234.7821639288,50153.345785264246,944.1514387019926,-9221.630341481035,6713.262156977533,395.9006335492232,956.5783404447138
PERSONAL CARE,618140.950871166,-529854.8335794089,-154664.39149599822,-33133.5807104423,-10269.940622766553,-10514.164046430473,5071.343282763105,1466.930769651543,1109.9363117534829
PET SUPPLIES,265.566779156097,-2149.983842863449,-1829.573328815102,2134.735797976166,275.4270587267615,-178.2307627459159,65.5768481636435,29.280036358397957,43.714919168470836
PLAYERS AND ELECTRONICS,1061.024016778408,-3423.624092296101,-770.1387824749722,3239.297933974364,647.7880710295891,-332.0245795323931,104.5255874530557,82.70764191132223,54.783416022152814
POULTRY,402657.2370599404,-501891.75565029687,15283.739259308571,-29341.223821316034,-1972.8270604813079,-9652.847698835965,6056.873982515997,-410.777709464536,1883.8373714325628
PREPARED FOODS,-11413.906336400241,-52632.19377331863,41136.8221495489,-392.2759522523165,3171.538919497202,-1845.0519625305446,-777.0909465744818,213.33107940137486,333.0420480481907
PRODUCE,8883457.412113748,-6161944.97566728,-2575542.2633158006,-716186.4643602263,-131536.19419906914,-59812.345175263355,70747.74983252735,-36467.0625796032,10126.862772654531
SCHOOL AND OFFICE SUPPLIES,71108.84562999594,-33829.964661216945,-19464.239930794032,34775.63433109994,4741.361037549484,188.42240448007703,-163.19632047014548,531.8815574986849,65.29532811952336
SEAFOOD,1413.0399359317112,-7883.502360780407,5001.210767202181,-3644.845810981265,1397.965927567428,-353.572296778058,-388.4295956448238,65.82120200761983,77.94677901888517
