,mean_abs_units
k_promo_sum,2195.1755121360156
o_ma13,1516.264871028602
o_share_of_store,1381.4042665552265
o_lag52_target,971.3560293699531
o_lag52_target_smooth,873.5525653237659
o_family_ma13,297.65928102094296
o_ma4,274.0718020994241
o_ma8,255.64306467483462
family,191.4961551343403
o_cv13,179.50808002761204
k_promo_days,124.44346461252695
k_promo_vs_usual,116.7478075665914
o_ma26,107.7002075794412
store_nbr,80.32226428092723
k_post_payday_days,75.20427257229176
o_family_ma4,67.86790059865389
o_trend_4_13,65.25844384194949
o_yoy_growth,45.30643591756242
o_promo_ma13,42.844024254027424
k_fourier_sin1,38.55457325792585
o_ma52,36.72417103654243
o_ewm,36.50864950635337
k_fourier_cos1,33.82476609915287
k_week_of_year,33.65245660285541
o_zero_share13,30.78616806307694
k_nat_holiday_days,27.984611378387843
k_fourier_cos2,25.028202374770974
k_fourier_cos3,23.16670865435945
k_fourier_sin2,21.76336980566872
o_store_ma4,21.716655685510357
o_tx_ma4,18.57540993842567
k_fourier_sin3,15.647225815295162
o_store_ma13,14.668201280347002
h,14.14608002758985
o_oil,13.074081937553684
o_last,11.712852649977082
k_month,11.144773265810356
k_weeks_to_christmas,11.086273727207582
store_cluster,9.866673549620613
k_event_days,8.844178487074858
city,8.625938099808748
o_oil_chg4,7.641732338436126
o_tx_trend,6.539766253479894
k_payday_days,5.765543024527514
k_weekend_holidays,5.3533598731424386
o_oil_chg13,3.6164359641334376
k_closed_days,3.305963344847958
o_n_valid52,2.7803240378639784
store_type,2.160453041549099
state,2.1394415106067117
k_earthquake_days,1.3260601953049382
k_bridge_workdays,0.5417467895711554
k_loc_holiday_days,0.4058031279897657
k_reg_holiday_days,0.2573748551165777
k_earthquake_local_days,0.14916718570578155
