family,WMAPE naive_ma4,WMAPE snaive,WMAPE snaive_growth,WMAPE lgbm,Bias naive_ma4,Bias snaive,Bias snaive_growth,Bias lgbm,actual units
GROCERY I,0.11909506246791544,0.14518176202916025,0.1365623759754318,0.10733340663392962,-0.06463977505236258,-0.08334680591567742,-0.016782122861693394,-0.02409415194465139,90490200.0
BEVERAGES,0.12950515660088188,0.17486854727444806,0.15196173713128217,0.12224545372936534,-0.06040980619815174,-0.11242728027456238,-0.06912614692354703,-0.0580088983761981,67862944.0
PRODUCE,0.0980618343255046,0.09323268476960227,0.0880371771312215,0.08253917045745521,-0.045441296939393014,-0.04597034047551041,-0.03477114403698673,-0.03256965229437468,45713684.0
CLEANING,0.13881230767500255,0.1470922865713847,0.14183495894482995,0.1203405303785636,-0.04878415498172049,-0.07715564415220975,-0.05369206178794156,-0.05084087540433586,24113276.0
DAIRY,0.10982406576313426,0.12885615528626415,0.10290858850529662,0.08924390475861492,-0.034088465449334325,-0.10966009603772046,-0.0012811565644845844,-0.015286296196199747,17967868.0
BREAD/BAKERY,0.10863594645618428,0.14015669996656258,0.12300601500261885,0.09413012311901851,-0.02152367727697822,-0.07726066481703422,-0.0016232055381661256,-0.03050971944816595,10677720.0
POULTRY,0.10891962977309154,0.12605676477860703,0.11707326917972709,0.09313033744496459,-0.01961516759454517,-0.012495305705894869,-0.028704219974789127,-0.026613543171799994,7647516.0
MEATS,0.10857709700655374,0.13452885826407493,0.13181205099533372,0.11449391679151408,-0.03680037777287507,-0.06643280259804692,-0.0399794495667427,-0.028830994979575624,7230232.0
PERSONAL CARE,0.15395842175371066,0.16346762476507917,0.17058772320366472,0.12248123183686582,-0.05093718430064116,-0.03293953578536039,-0.018299305051021255,-0.02856998100962055,6280598.0
DELI,0.10671104186454154,0.1505470843951133,0.1336508904641543,0.09651862920800967,-0.03439576719261917,-0.07894831776613222,-0.058022759619521656,-0.05066150397456243,6094487.0
HOME CARE,0.12865829921991956,0.153195925960098,0.1520696711174903,0.11133706774054862,-0.04305029861613042,-0.07359095933231848,-0.042763441968075744,-0.04492376303643757,5900698.0
EGGS,0.13949020567210468,0.17839269217976159,0.1639206225369429,0.13049922033773223,-0.03684552520994637,-0.1175551803159882,-0.03644234855890715,-0.0672393112672688,3851857.0
FROZEN FOODS,0.36193437536372614,0.19988721732034642,0.22375096245359044,0.19536413040709852,-0.2813629429820184,0.007411565221506287,-0.012988826129546481,-0.03988043700355148,3532002.5
PREPARED FOODS,0.1315560692209431,0.19199575590370063,0.15454913322229383,0.13132896799503124,-0.004966550565072575,0.03585065382123825,0.027511233611209922,0.023627837666683475,2002865.25
"LIQUOR,WINE,BEER",0.2919670817391228,0.3041587111861872,0.30047564847444164,0.24674924062552622,-0.06751259980931576,-0.06340816984962451,-0.004911244756539293,-0.02127709948512497,1911218.0
HOME AND KITCHEN I,0.33038661744240744,0.3974528799236083,0.40190797416156876,0.30795512836868916,-0.08902087228461363,-0.10611087494027788,0.013586753721649556,0.06436545418966859,650780.0
HOME AND KITCHEN II,0.2632979826208204,0.5425967246679595,0.4740409138999274,0.3340524805197473,-0.10584970240924332,0.02805011219457294,-0.026266862036322784,0.07101675928603066,555122.0
GROCERY II,0.2765296669195261,0.31482777072833706,0.27763153164025445,0.24027277905892355,-0.1979943149403693,-0.1292673771275065,-0.17724944887448196,-0.1529952924174837,480590.0
SEAFOOD,0.17054910849144714,0.20502143176384577,0.17343743394105343,0.15344105654059367,0.018782971648060136,0.052079049525614846,0.027582941923170904,0.011182633070605562,438038.6875
CELEBRATION,0.2367662658710367,0.28902430500188353,0.266440727019053,0.26081142706654037,-0.03687881258315552,0.03788397150693989,0.004650419078065398,0.027581169568921926,273619.0
LAWN AND GARDEN,0.4060186685376475,0.6488790338580276,0.40751512586935457,0.3792727480877789,-0.12533023502106955,-0.6301160964002908,-0.31180007933757065,-0.1378089234738349,260041.0
LADIESWEAR,0.19836430068485794,0.23757509435415655,0.2318293610615594,0.19419465650086914,-0.031211041829297813,-0.03450483287340191,-0.025743485159473622,-0.03903131618409622,230175.0
PLAYERS AND ELECTRONICS,0.22641135831231157,0.32569777658393856,0.30930153452250936,0.23777459750451765,-0.07982835728001314,-0.15755403769850204,-0.06227543416851067,-0.05940282445083523,225299.0
PET SUPPLIES,0.18783834454133494,0.3106433333684081,0.2263240923725114,0.18116197888458196,-0.077798945914807,-0.2749789490300044,-0.05828583474482508,-0.05471209639430028,159970.0
SCHOOL AND OFFICE SUPPLIES,1.1993990339509162,0.8043136794152066,0.8547976342417695,0.8636482801225847,-0.39082819308009054,-0.49399113807198286,-0.4741109745424266,-0.3111777862374072,151257.0
AUTOMOTIVE,0.2318707507441486,0.30817424364045465,0.28246474990593096,0.21454441680519493,-0.0317288751439546,-0.0036981256241100094,-0.007349560956881334,0.0002310289731289057,138864.0
LINGERIE,0.35081488618665857,0.46634578899665036,0.42640879948952126,0.3052853179716238,-0.05112725585422767,-0.11324970888879181,-0.14614019377223694,-0.12552134610466634,130938.0
MAGAZINES,0.22723947583852636,0.3292278461568524,0.48485717710338944,0.2350128184103686,-0.028439830035697024,-0.1333924986013689,0.2507521143634034,0.06249918841532249,127128.0
BEAUTY,0.31503354668503947,0.3572315326470355,0.37564868755664244,0.29898758331704933,0.0038202271352057726,-0.17814586587413378,0.05098788941158757,0.0749835669927993,108371.0
HARDWARE,0.4201105083747203,0.5606166650747504,0.49643822289415224,0.39606378565358286,-0.07582209524549,-0.04902402430465164,-0.07166583511021657,-0.034307651225137396,26061.0
HOME APPLIANCES,0.7108920665882886,0.8847585345429303,0.9640512352167631,0.6971792945408706,-0.10528611552787398,-0.22594699414005442,-0.1266611642350455,-0.24768205877179242,8598.0
BOOKS,1.1693397951486235,1.3441824743578568,1.3441824743578568,1.36791389014166,0.4335964150519413,0.6216055771332166,0.6216055771332166,0.6574007842143493,5892.0
BABY CARE,0.7956377946692161,1.087309767724513,1.068601967423002,0.85063174930223,0.004238175044553645,0.07387786835635377,0.1835118951551279,0.1565768458684922,4837.0
