h,WMAPE naive_ma4,WMAPE snaive,WMAPE snaive_growth,WMAPE lgbm,Bias naive_ma4,Bias snaive,Bias snaive_growth,Bias lgbm,actual units
1,0.0764317330719096,0.1281699868430907,0.10256887567576978,0.08410157373483373,-0.010395902623105824,-0.08767165716764173,-0.041021120996875556,-0.020724990717284442,22394510.0
2,0.09505208527813588,0.1287284891610024,0.12500367549086458,0.08902796526826089,0.018406836373417848,-0.07500875028019947,0.03781709461332798,-0.029728022187860664,21773826.0
3,0.13648031017687384,0.1265492712159635,0.1287982901088955,0.0837339245972504,-0.1243510875219737,-0.046125829608219475,-0.10100776618174492,-0.03817100205960238,25323688.0
4,0.10671823259859754,0.15691136650587087,0.10610837305559052,0.11965396340712425,-0.06893285398308252,-0.11892997283381344,-0.019423793913867143,-0.054350498946730004,23816228.0
5,0.11468789530265981,0.14294035576654246,0.11149996343089183,0.09989955782766541,-0.04924436363455573,-0.06165259372202437,-0.04232948343304996,-0.04409501263362796,23322948.0
6,0.14466177065639593,0.15158558212107442,0.12237243869917845,0.10752697521986894,-0.06340385542097285,-0.09980537916844817,-0.025286294115260923,-0.025435658021070114,23675484.0
7,0.13416265145763437,0.12845072696438328,0.11682874025975633,0.1205669811759731,-0.07918290197353271,-0.04209982742965812,-0.03613198669986464,0.020867958328734174,24081236.0
8,0.1648100500839775,0.15772001632271232,0.15245393113412117,0.13478114412291473,-0.1263154696366757,-0.12483905435688677,-0.09269844791910906,-0.09479823610167228,25380408.0
9,0.11633494330730262,0.1404189004159799,0.14875029564845352,0.10863857763912713,-0.015455432574589138,-0.08268596567300437,0.01573167862473132,-0.02545876366267473,22522566.0
10,0.1045550318079414,0.20075775620231495,0.15551730521484156,0.11880655841752123,-0.012911000399751535,-0.0009003181429870135,-0.00882966626293474,-0.007154307325256889,22464508.0
11,0.11539051860777226,0.14644850510528748,0.17747206461501117,0.1209197579539255,0.00019582476804751606,-0.08169295086451026,0.03456683276481252,-0.026073212548048855,22170128.0
12,0.1594501505793629,0.1765108367377901,0.17714114088216018,0.1281323328872165,-0.13602705907175047,-0.12239117107297968,-0.13570672778579385,-0.06346274132835787,25735326.0
13,0.15285836818366083,0.14347999119946278,0.14705872609124046,0.1259236564424798,-0.015806853049177425,-0.09466545443148709,-0.01108703485625075,-0.05449652827892881,22591886.0
