store_nbr,WMAPE naive_ma4,WMAPE snaive,WMAPE snaive_growth,WMAPE lgbm,Bias naive_ma4,Bias snaive,Bias snaive_growth,Bias lgbm,actual units
44,0.10382122292940574,0.11525170578424784,0.11510571268060121,0.09744309881949889,-0.03323810393071376,-0.05743335830139926,-0.021855560223141862,-0.020816086579799664,16980394.0
45,0.09506419204744304,0.13117767290108384,0.11310476110823184,0.08858739219405466,-0.043329146813651534,-0.08676385605480755,-0.028414726982148673,-0.02859750394223394,15371010.0
47,0.10743737365170485,0.12692569822118624,0.0992125890884792,0.08698479823088846,-0.046312934926798895,-0.09219256303857809,-0.039357847006688484,-0.040910512153056224,14390695.0
3,0.0889972603710552,0.08778432988940373,0.0857819441947818,0.07194735146344,-0.03788977618115353,-0.035536226121043755,-0.019860844139513077,-0.011509868257222465,14007808.0
49,0.11103651544553067,0.12368711946235107,0.0941055525487365,0.07875013887741952,-0.05534646075202707,-0.09496864471478712,-0.01677424689876711,-0.010742375022745321,13505594.0
46,0.12167044710512603,0.16491304962547615,0.12933863321208233,0.11280922606732233,-0.059375742163920865,-0.11890486438200086,-0.0684942068469527,-0.06780214553615077,11436710.0
48,0.1357361714144837,0.1344881961498666,0.12247346169209301,0.09735749422698632,-0.04795906551749051,-0.0753240166926726,-0.043562167850847544,-0.03895284417324596,9542540.0
51,0.084190401726777,0.08580603397179234,0.08951557422053685,0.07371705204382341,-0.014334188485713217,-0.013647953106467247,-0.017996596713616107,-0.010474425205518872,8593608.0
8,0.0867824171065772,0.09528131625558216,0.08540694571968395,0.07162882452075905,-0.03637007664022379,-0.04599855148149351,-0.007253932483723623,-0.003151122507269945,8437607.0
50,0.10473257086966374,0.14033912444287766,0.09730338861268525,0.09224824471027665,-0.061492044915354954,-0.1102265861037425,-0.041876814950124214,-0.048854811298489335,7806075.0
7,0.10118374170731328,0.09245557461000592,0.08693835657890195,0.0671783826296231,-0.03403055081271367,-0.03337926804531818,0.0010329325266797992,0.00561299065883768,7642431.0
11,0.13008572718653058,0.11566924032421319,0.12371697218866409,0.09135795307230253,-0.0261509279828171,-0.0684137853654574,-0.01697224275477729,-0.008827654443437792,7369796.5
9,0.1331739750700364,0.11174265582649749,0.12671898690515487,0.09035864799549818,-0.047904967119358294,-0.04795428022872144,-0.01681647970394252,-0.01811373854250181,6988347.5
6,0.09510239809403467,0.09711821027482963,0.0881629805807676,0.07773043131137683,-0.030506198328088416,-0.034587831808026936,-0.0029523475329783825,-0.010220693722379978,6761741.5
24,0.08362649027860192,0.09282522099036149,0.08757648232971267,0.07499692352642971,-0.03232452344800233,-0.010581241856236481,-0.02043194991060801,-0.005177658838064787,6560052.0
39,0.13949144696082252,0.16592327838550944,0.15169304098699246,0.13528824346455035,-0.08086234462655348,-0.10828555003812568,-0.027842741802740427,-0.0268078329695048,5938206.0
2,0.0940878495713888,0.13635622192168886,0.15696621274140646,0.09879847714512402,-0.03284819775705694,0.020146180513647607,0.009516532304386158,0.034182109204325864,5742843.0
20,0.14729459149684274,0.20461801445231526,0.20052868859808357,0.1365537730451581,-0.06585211463343547,-0.07069930810132292,0.03203237207679902,0.0031137237026635494,5586018.0
27,0.07961369743220612,0.11857963230350697,0.09671989789565974,0.08219194132784122,-0.003526227073589244,-0.08142236534368451,-0.011448976586230746,-0.0069672495993732325,5514165.0
40,0.12232048406559566,0.15572531758935218,0.14099025262047435,0.10306343548791354,-0.051935820978264165,-0.12312779156599343,-0.04489336262881543,-0.03826791988588757,5486041.0
17,0.10106619737105157,0.14101392188861914,0.12644756824518102,0.09773527934269499,-0.032876357170931174,-0.08591900483758622,0.04709766362516653,0.022660019899219695,5375930.0
28,0.11177543721700094,0.14221069445860418,0.1322498147003331,0.09843472917495927,-0.03668913056771243,-0.09067597645362539,-0.007882057199011933,-0.014004466489704425,5338438.5
37,0.08639313218229744,0.10224190484880417,0.11332879652947311,0.09118960758113082,-0.02817060604282045,-0.0570572812241727,-0.052418228918833035,-0.05653316091159694,5069306.0
4,0.0980447091401815,0.09202953966139844,0.0893334009163805,0.07751210546725865,-0.030146031851069045,-0.023345948775727186,0.002896481435566011,-0.0028023154286411648,5043542.0
31,0.12226113322674728,0.1100999586661786,0.11241046333286385,0.09943847486510676,-0.05278742248037417,-0.03325990119083356,-0.03043756707564612,-0.028230793521903767,4809649.5
42,0.107006326101453,0.16263713830757648,0.11845095039747924,0.08991175679491314,-0.04282453361414816,-0.13329814939125972,-0.0342666610331114,-0.048102127598223694,4794852.0
43,0.15343907321248246,0.26369386511771803,0.18524313302920786,0.1555534101575527,-0.08370419243177618,-0.180021884480355,-0.09936373723193367,-0.07614540290872542,4793848.0
38,0.12056097552805561,0.1654914671813,0.13912310051108062,0.11572010041063625,-0.06228076041474098,-0.040070967109378776,-0.0907826076228006,-0.08301002010095994,4737613.0
41,0.12759800485719772,0.19250709890961,0.1263364318158046,0.12417607811954474,-0.05401034373443688,-0.1692432198925715,-0.0629208778904653,-0.0664983945021506,4618977.5
21,0.13247071834238366,0.1873115664563362,0.1611774123453271,0.11369322645219021,-0.04686149793936855,-0.09377895041300374,-0.04884084590625742,-0.06555968134482047,4606481.0
29,0.10625471093204718,0.16787525206673407,0.14625113936640236,0.09889947817755622,-0.04123439144437134,-0.11778295262358181,0.01677281016024597,0.0034827075561918506,4443153.0
53,0.13869197750354953,0.3650680495401597,0.36679728768812875,0.1840327891438355,0.04996425006349966,-0.09562376961428812,0.3188976354735157,0.13039235744893501,4419369.0
36,0.13348708184534896,0.1569045831478794,0.1719334949859588,0.13851754062867366,-0.049494844275127875,0.005009539896693559,-0.010836863346843804,0.013137328916896165,4416184.0
34,0.11602725401656402,0.12319682100167824,0.114496959659987,0.0970993825323038,-0.03262339443325231,-0.026219649036873814,-0.010627363612607882,-0.012052329658038746,4126075.25
1,0.09466003923772419,0.11037885277326566,0.10743414058091574,0.08006515976168035,-0.03334711741817062,-0.038746608452992624,-0.012112501673437989,-0.009053652088588472,3884910.25
5,0.09232105063313978,0.0961599184377717,0.09963629272064602,0.07927949226388115,-0.01308050325900044,-0.008847304014036597,-0.04215866464202828,-0.03570970186718469,3665055.5
33,0.13074948796171482,0.13447629481244316,0.13984211500902455,0.1151608878879714,-0.06016161311753013,0.0021530489166298834,-0.0409580071241406,-0.0428479903962486,3515517.5
19,0.10276004478134329,0.1237329309243767,0.10952494845078505,0.08690140480309806,-0.042626055871089745,0.0009045579934268207,-0.04192938016343375,-0.030029733056824718,3389281.25
54,0.13915334966922027,0.1839561615705435,0.16133731507727544,0.13304308544050256,-0.06475966628155677,-0.12995539165534992,-0.034300703168437495,-0.05069464185008313,3222376.5
23,0.08944389657262931,0.10013604687605686,0.08356191405611031,0.0729107611273205,-0.03214902866106293,-0.05401948104829885,-0.004278308080235217,-0.013563289081873542,3043369.0
14,0.14905745074745394,0.14119354153080618,0.13752124312487427,0.12046177864662534,-0.055286858086217944,-0.07744921678197174,-0.035746652541275764,-0.03992547454039205,2987941.75
15,0.10824762708974153,0.11803364201950825,0.1017160207964875,0.0840184283699164,-0.026973243736207905,-0.032569595556379845,-0.0229973462449561,-0.0051158228002981115,2978031.5
12,0.11371324611744724,0.11342918811423397,0.11611004600119042,0.0973120182710297,-0.04567899159590352,-0.039859165025368425,-0.03944672584297907,-0.03119732687836392,2854210.0
18,0.36157985908056545,0.4062419403773335,0.3942961814550991,0.3456272708379858,-0.2637294570168634,-0.32523847916057524,-0.25636020550150124,-0.26866669372594554,2848884.0
25,0.4796626814120598,0.4819622924383743,0.4724125267474477,0.44675371342494025,-0.3628769375273896,-0.4373900314614723,-0.3928478332962396,-0.3948459958502364,2815901.25
52,1.0,1.0,1.0,1.0,-1.0,-1.0,-1.0,-1.0,2543932.0
13,0.11898839916670174,0.12067559802228332,0.12480026282321266,0.09697230225429818,-0.033792628543973295,0.011705446432719278,-0.062275812994143254,-0.03612955121781348,2528304.0
16,0.12396476071273937,0.15949367921352145,0.16784139496958161,0.12236324399367622,-0.036719020578853956,0.015226501940375455,-0.07808483431614101,-0.0534501211193709,2347200.75
22,0.1331682131185357,0.20912870406962752,0.17535151088994666,0.10764454373168775,-0.07677141501652165,-0.15507444898732262,-0.05234384392137148,-0.05004333023241861,2340729.25
10,0.13176498543096965,0.10869222023135824,0.11568417868322048,0.08861385052554187,-0.058304080789672336,-0.015490127827437892,-0.027103024154007883,-0.0188431693509995,2335016.0
35,0.14596581046017398,0.1401026584280505,0.15477459379055408,0.13687003298908418,-0.029797035847530746,-0.006713558262532699,-0.020029195122470204,0.0023393482850941325,2053875.5
30,0.15800039205514876,0.18624503468124898,0.20990214223442744,0.1689240914492364,-0.049217057226059915,-0.05639941674297294,-0.056655685641325344,-0.038851134256793776,2034371.5
26,0.20829012747945552,0.20414867463297626,0.19162599359538013,0.16668336017620342,-0.08116060818581501,-0.06755642712774351,-0.043243482142577123,-0.032824243811474044,1894243.75
32,0.25221554009139896,0.252821495048065,0.2565470198272446,0.23253449108912475,-0.09827401247769615,-0.18474532403028116,-0.040444159996819766,-0.07849587337045544,1714491.875
