,Base forecast,Promotions +20%,Promotions -20%,No promotions,Oil price -15%,Oil price +15%,promo uplift units,promo uplift % of forecast,+20% promo effect %
GROCERY I,23177833.97109398,23344410.19687588,23021413.8756923,22977878.46982519,23225249.032277517,23201002.295859877,199955.50126878917,0.008627014134200885,0.007186876305596446
BEVERAGES,18065874.4971273,18238896.72367853,17872004.358474094,17367367.869586065,18110697.26585141,18110509.00236558,698506.6275412329,0.03866442378155036,0.00957729594428125
PRODUCE,11742802.366281312,11905311.67512514,11634674.570240334,11558067.14537617,11766702.311779281,11712684.025550013,184735.2209051419,0.015731783193047428,0.013839056791968396
CLEANING,6206395.046171537,6281601.257163587,6148738.035678728,6087869.775462733,6222585.006666926,6209394.946826694,118525.27070880402,0.019097281082988304,0.012117535289417614
DAIRY,4429933.35655361,4468350.378698598,4414825.097977561,4394943.3691261,4425480.461631359,4446395.1735403305,34989.98742751032,0.007898535849471955,0.008672144489070721
BREAD/BAKERY,2739891.0340924365,2775684.3541858676,2700462.369437356,2618442.673215626,2729188.695953744,2741312.6009868206,121448.36087681074,0.04432598207944404,0.013063775036326275
POULTRY,1947898.36987127,1960349.0836930498,1937513.8149772016,1901634.510612278,1947560.120156479,1945547.2140578404,46263.8592589919,0.02375065351178939,0.006391870343113837
MEATS,1862544.6950454006,1872251.9498935216,1856585.5595433537,1845049.9814762298,1852077.087576949,1872862.410658657,17494.713569170795,0.009392909397400716,0.00521182384183505
DELI,1547163.458897927,1575381.4367546537,1522869.4096617596,1507038.6520999167,1542697.2543192008,1557518.765781652,40124.806798010366,0.02593443282753847,0.0182385239868752
PERSONAL CARE,1541701.9332557663,1555180.1821945158,1532626.1721183113,1520400.3006749891,1545871.9907168904,1544503.1361463224,21301.632580777165,0.013816959115950756,0.008742447971305412
HOME CARE,1483261.801018472,1505610.8107752157,1467451.1707880509,1445042.4829487232,1480603.0901650947,1495635.532179246,38219.31806974881,0.02576707499883417,0.015067474765006361
EGGS,993394.4785233829,1009748.1622275906,981545.9364337215,967324.8752893534,987196.2815271906,989561.1764267219,26069.60323402949,0.026242951614529088,0.0164624266167821
FROZEN FOODS,649948.5869078573,654661.976889229,647337.8344684696,638665.3468540629,650309.6360121394,652994.63359108,11283.240053794463,0.017360203993172275,0.007251942809500811
"LIQUOR,WINE,BEER",463316.6105679636,473310.1915119423,451295.10628291965,431951.65763197606,461551.77981378586,464504.3448182263,31364.95293598756,0.06769658635277151,0.021569658233767885
PREPARED FOODS,449073.69349456707,450607.0752486659,446484.1599407692,441480.2856841826,451167.92146784853,454821.09519684984,7593.407810384466,0.016909046155197092,0.003414543706994788
HOME AND KITCHEN I,162163.83264650565,165965.71352400444,158741.4124632883,147586.35403807,162451.60649889396,164286.41784061378,14577.478608435631,0.08989352539670473,0.023444690566646553
GROCERY II,158344.82102059686,160384.38347241702,155527.077119712,138653.99036395928,160743.4271961177,157541.08180769449,19690.830656637583,0.12435411862366044,0.012880512533812949
HOME AND KITCHEN II,156030.93055057153,158499.55287599933,153408.3713555512,137461.6648092274,161599.36561746956,162389.544992438,18569.265741344134,0.11901015827964705,0.01582136514034116
SCHOOL AND OFFICE SUPPLIES,120523.3022258784,138247.35959729072,103587.06335359316,17290.24161476228,124639.34826625307,121250.54993187233,103233.06061111612,0.8565402598880187,0.14705917481579478
SEAFOOD,104576.90467089074,106902.79902061561,103062.07619758263,95273.54147923276,106378.21566739844,105581.22291879491,9303.363191657976,0.08896192922267274,0.022240994386328206
LAWN AND GARDEN,85056.6141919023,89057.05906101984,82119.82351718271,71149.13035763406,85610.649312522,86167.21780847327,13907.483834268249,0.1635085521143668,0.047032731165290054
CELEBRATION,67573.42902403299,67608.83195136188,67557.20263514147,66672.94499166639,68122.50735479442,68699.47707637012,900.4840323665994,0.013326007653782609,0.000523917874824642
PLAYERS AND ELECTRONICS,62288.39235323667,62427.64440189637,62142.40173849203,59226.242805612004,62157.832095431295,64373.34291087585,3062.1495476246637,0.04916083770888247,0.0022356019058895615
LADIESWEAR,59223.433429995355,59875.740290018264,58896.49184689106,57002.666748702606,58911.00012428804,60260.46468091626,2220.766681292749,0.037498107635346584,0.011014337100093474
PET SUPPLIES,46081.254587858864,46174.39624243437,46062.37101070804,45094.0248068229,46390.831276935336,46731.69821035223,987.2297810359669,0.021423674113596608,0.0020212482365886686
LINGERIE,37788.157596799,38425.09630192915,37003.67650033937,31232.357791063358,38499.23910516409,39302.99509643451,6555.799805735642,0.17348820960487837,0.016855510975854138
AUTOMOTIVE,37780.29352744631,37887.05019859396,37628.211040375034,36012.963647020064,38773.552696555766,38709.324677011886,1767.329880426245,0.0467791463595255,0.0028257237088455955
MAGAZINES,34128.50536846966,34135.831155615706,34121.1181197324,33805.05452586498,34456.13200583374,34043.482291093926,323.4508426046814,0.009477439434060545,0.00021465303173839878
BEAUTY,33980.16151347945,34574.70131792869,33273.956877644036,29224.32955699427,34712.43551556153,34175.97875617767,4755.831956485177,0.13995907449111464,0.017496673881711722
HARDWARE,7714.024347126671,7719.199104250431,7704.401157109803,7585.466631483023,7692.028169842149,7928.906700115385,128.5577156436484,0.016665453705954885,0.0006708245775355337
HOME APPLIANCES,2354.2498009058604,2367.5822249263524,2312.9796276098555,1594.8876484428456,2400.124311958836,2371.2768969210924,759.3621524630148,0.32254952391663366,0.005663130571514463
BABY CARE,1021.5252788706093,1024.2273767338147,1014.1996098046376,964.431944877355,1032.4956159756762,1047.9191013560462,57.093333993254305,0.05589028012735648,0.0026451600553565324
BOOKS,423.007447496314,423.007447496314,423.007447496314,423.007447496314,398.01908621565946,486.0571529938171,0.0,0.0,0.0
