sku_id,forecast,forecast_p10,forecast_p90,same_13w_last_year,vs_last_year
GROCERY I,23177833.8,20605534.8,27057964.4,2.0464918e+07,0.1325642155028426
BEVERAGES,18065874.5,16060270.0,21078590.9,1.5167871e+07,0.1910619822650126
PRODUCE,11742803.3,10432159.6,13699912.8,1.0600067e+07,0.10780462991413176
CLEANING,6206395.2,5516277.8,7248699.2,5.535315e+06,0.12123613561287838
DAIRY,4429933.8,3924324.1,5177298.9,4.197347e+06,0.055412811950024565
BREAD/BAKERY,2739892.7,2414326.4,3209729.7,2.5720802e+06,0.06524386243391911
POULTRY,1947899.0,1696572.7,2294678.5,1.828871e+06,0.0650827751109837
MEATS,1862544.5,1624641.2,2192350.3,1.8044386e+06,0.03220163556408018
DELI,1547163.1,1339009.3,1827766.6,1.4111476e+06,0.09638642519771823
PERSONAL CARE,1541702.8,1331799.1,1824581.1,1.443031e+06,0.0683781568102142
HOME CARE,1483263.0,1279600.6,1756606.8,1.412486e+06,0.05010810726619597
EGGS,993393.4,840345.4,1184803.3,936700.0,0.06052460766520773
FROZEN FOODS,649947.9,523811.7,791201.9,607179.0,0.07043870094321458
"LIQUOR,WINE,BEER",463317.0,359103.8,572113.6,416428.0,0.11259809618949745
PREPARED FOODS,449073.8,347569.4,554672.2,506440.53,-0.11327436828250503
HOME AND KITCHEN I,162163.0,111052.4,211196.2,138457.0,0.17121561206728453
GROCERY II,158344.0,109147.3,206707.3,89670.0,0.7658525705364112
HOME AND KITCHEN II,156029.9,106664.5,203064.1,118274.0,0.3192240052758848
SCHOOL AND OFFICE SUPPLIES,120524.7,94983.6,149386.9,41348.0,1.9148858469575312
SEAFOOD,104576.7,69049.6,140129.9,118993.09,-0.12115319717872286
LAWN AND GARDEN,85057.5,56799.4,112504.4,26093.0,2.259782317096539
CELEBRATION,67574.0,43545.7,94905.2,67090.0,0.007214189894171996
PLAYERS AND ELECTRONICS,62287.9,40166.5,86827.7,47552.0,0.30989022543741584
LADIESWEAR,59223.1,38653.2,80554.6,56739.0,0.04378117344331067
PET SUPPLIES,46079.8,28661.8,65300.7,34279.0,0.344257417077511
LINGERIE,37788.3,22992.9,55624.2,29180.0,0.2950068540095958
AUTOMOTIVE,37781.5,22964.7,56432.0,30294.0,0.24716115402389915
MAGAZINES,34129.1,20221.5,50457.2,30914.0,0.10400142330335771
BEAUTY,33980.6,19990.1,50677.6,28041.0,0.21181840875860347
HARDWARE,7713.6,2220.6,14380.7,5467.0,0.4109383574172307
HOME APPLIANCES,2354.8,414.0,4863.1,1015.0,1.3200000000000003
BABY CARE,1021.3,117.0,2180.5,1404.0,-0.27257834757834765
BOOKS,423.3,17.5,934.0,1898.0,-0.7769757639620654
